id,in_use,name
101834,Y,Nelson Hall East
112722,Y,University Center
113542,Y,Forbes Gym
119725,Y,Hemlock
119803,Y,Parking Services
125981,Y,Community Services
127757,Y,Mendocino
147024,Y,Trinity
153144,Y,Shasta
153743,Y,Del Norte
158648,Y,College Creek Field Gate
159275,Y,Schatz Energy Research Center
159778,Y,
178291,Y,Campus Apartments
178654,Y,Kinesiology and Athletics
191859,Y,Student Recreation Center
200037,Y,CCAT
206958,Y,Little Apartments
207735,Y,Student and Business Services
214732,Y,Cypress Hall
221817,Y,Fish Hatchery
223940,Y,Fish Hatchery
224357,Y,Creekside Lounge
242978,Y,Wildlife and Fisheries
246891,Y,Nelson Hall West
260649,Y,Shipping and Receiving
279294,Y,Experiemental Greenhouse
284311,Y,Jolly Giant Commons
294814,Y,Gist Hall
297810,Y,Recreation and Wellness Center
303976,Y,Hadley House
304896,Y,Marine Wildlife Care Center
311187,Y,Boat Facility
318953,Y,East Bleachers
353030,Y,Concession
358151,Y,Brookins House
359149,Y,Science C
363395,Y,Science A
400542,Y,Science B
404865,Y,Jenkins Hall
405352,Y,Wagner House
410510,Y,Sculpture Lab
416926,Y,Ceramics Lab
421062,Y,Child Development Lab
422212,Y,Harry Griffith Hall
422772,Y,Forestry
422778,Y,Natural Resources
434211,Y,Jensen House
457708,Y,Baiocchi House
458783,Y,Baiocchi House
466162,Y,Mary Warren House
471210,Y,Toddler Center
478430,Y,Walter Warren House
481086,Y,Marketing and Communication
499977,Y,
508750,Y,Facilities Management
516927,Y,Trinity Annex
521946,Y,Warren House
538046,Y,Bret Harte House
542674,Y,MultiCultural Center
548845,Y,Telonicher House
555564,Y,Redwood Hall
563391,Y,Sunset Hall
564679,Y,Library
570724,Y,Hagopian House
591950,Y,Brero House
594381,Y,Feuerwerker House
599510,Y,West Bleachers
600543,Y,Van Matre Hall
606841,Y,Willow
607957,Y,Laurel
611841,Y,Fern
613851,Y,Juniper
630305,Y,Student Health Center
654304,Y,Music A
655894,Y,Art B
661042,Y,Art A
679820,Y,Music A
693280,Y,Chinquapin
698832,Y,Madrone
702038,Y,Pepperwood
711482,Y,Alder
719991,Y,Maple
728723,Y,Tan Oak
730186,Y,Cedar
733299,Y,Founders Hall
738923,Y,Van Duzer Theatre
743201,Y,Siemens Hall
744859,Y,Wildlife Facilities
748576,Y,Wildlife Facilities
757139,Y,Wildlife Facilities
759052,Y,Behavioral and Social Sciences
762344,Y,Native American Forum
782598,Y,Science D
792697,Y,Dennis K Walker Greenhouse
802904,Y,
814481,Y,
822071,Y,
823285,Y,
823512,Y,
826087,Y,
842529,Y,
844016,Y,
854059,Y,
863132,Y,
863844,Y,
867459,Y,
872864,Y,
874559,Y,
884713,Y,
887881,Y,
893179,Y,
903431,Y,
927328,Y,
932417,Y,
936310,Y,
943725,Y,
944394,Y,
964858,Y,
966145,Y,
978819,Y,
979073,Y,
982844,Y,
989505,Y,
993101,Y,
996415,Y,
1014602,Y,
1022777,Y,
1023890,Y,
1028284,Y,
1028444,Y,
1049040,Y,
1050526,Y,
1055868,Y,
1056038,Y,
1096266,Y,
1106201,Y,
1122236,Y,
1128621,Y,
1131517,Y,
1135589,Y,
1140332,Y,
1142124,Y,
1142253,Y,
1159085,Y,
1163312,Y,
1164870,Y,
1169118,Y,
1170340,Y,
1172967,Y,
1175788,Y,
1178957,Y,
1184534,Y,
1193456,Y,
1195676,Y,Academic & Career Advising Center
1196767,Y,Financial Aid Office
1206096,Y,Admissions
1207166,Y,Oh Snap! Food Pantry
1209892,Y,Human Performance Lab
1225879,Y,Language Lab
1227395,Y,Learning Center
1230669,Y,Recreation & Wellness Center
1236125,Y,Writing Center
1256476,Y,Student Disability Resource Center
1262093,Y,Registrar
1262273,Y,Cashiers
1278461,Y,
1287186,Y,
1288106,Y,
1288953,Y,
1294471,Y,
1305270,Y,
1310518,Y,
1323987,Y,
1328176,Y,
1340631,Y,
1343807,Y,
1344535,Y,
1344931,Y,
1350310,Y,
1356980,Y,
1366470,Y,
1370479,Y,
1370995,Y,
1384568,Y,
1386926,Y,
1391912,Y,
1392104,Y,
1400744,Y,
1404404,Y,
1418151,Y,
1419841,Y,
1462077,Y,
1473290,Y,
1480135,Y,
1485974,Y,
1489747,Y,
1492134,Y,
1500537,Y,
1504353,Y,
1512265,Y,
1513795,Y,
1518735,Y,
1522221,Y,
1524543,Y,
1525602,Y,
1533551,Y,
1549850,Y,
1550109,Y,
1561821,Y,
1580057,Y,
1580404,Y,
1581896,Y,
1585407,Y,
1590313,Y,
1590995,Y,
1595086,Y,
1602069,Y,
1606737,Y,
1609940,Y,
1612620,Y,
1618091,Y,
1626457,Y,
1628553,Y,
1629600,Y,
1632655,Y,
1650666,Y,
1669548,Y,
1677227,Y,
1681214,Y,
1686462,Y,
1687773,Y,
1715796,Y,
1719445,Y,
1720403,Y,
1726322,Y,
1727848,Y,
1733484,Y,
1734637,Y,
1735398,Y,
1739418,Y,
1746343,Y,
1754226,Y,
1761411,Y,
1763060,Y,
1763396,Y,
1763470,Y,
1764121,Y,
1770465,Y,
1772891,Y,
1783382,Y,
1785285,Y,
1813923,Y,
1814532,Y,
1816408,Y,Library Cafe
1817086,Y,Muddy Waters Coffee
1843505,Y,South Campus Marketplace
1847560,Y,Hilltop Market
1851471,Y,
1855090,Y,
1866721,Y,
1867308,Y,
1868740,Y,
1868955,Y,
1870010,Y,
1870177,Y,
1874230,Y,
1882700,Y,
1900821,Y,
1902579,Y,
1905677,Y,
1927674,Y,
1930100,Y,
1933709,Y,
1936701,Y,
1952706,Y,
1961718,Y,
1965316,Y,
1965802,Y,
1970618,Y,
1987152,Y,
2000309,Y,
2003743,Y,
2009137,Y,
2017436,Y,
2029765,Y,
2033903,Y,
2045197,Y,
2045529,Y,
2049147,Y,
2055926,Y,
2067601,Y,
2071231,Y,
2076249,Y,
2090093,Y,
2091395,Y,
2092215,Y,FS5
2098390,Y,FS7
2103738,Y,FS6
2113951,Y,FS9
2118894,Y,FS10
2134326,Y,
2136947,Y,
2139235,Y,South Campus Marketplace
2150675,Y,Hilltop Market
2159847,Y,Windows Cafe
2164054,Y,The Depot
2167181,Y,J Grill
2170385,Y,The J
2194862,Y,The Cupboard
2197567,Y,
2206995,Y,G1
2231441,Y,G11
2232976,Y,G12
2251302,Y,G16
2257722,Y,G14
2286285,Y,G15
2289081,Y,G13
2292587,Y,
2301051,Y,
2303755,Y,
2304409,Y,
2311247,Y,
2330877,Y,
2343360,Y,
2363593,Y,
2368957,Y,
2373827,Y,
2381500,Y,
2382460,Y,
2398438,Y,
2399789,Y,
2404482,Y,
2405466,Y,
2408222,Y,
2413985,Y,
2416820,Y,
2428053,Y,
2431333,Y,
2434494,Y,Siemens Hall
2435358,Y,Library
2435913,Y,Harry Griffith Hall
2438704,Y,Science A
2448445,Y,Gist Hall
2450066,Y,Founders Hall - Kosmology Lab
2455732,Y,Natural Resources 203
2459989,Y,Forestry 203
2468904,Y,Forestry 204
2474637,Y,
2492986,Y,Jolly Giant Commons
2504245,Y,University Center
2509786,Y,Founders Hall
2513390,Y,Siemens Hall
2533864,Y,Library
2534334,Y,Gist Hall
2537494,Y,Recreation & Wellness Center
2558208,Y,Kinesiology & Athletics Lobby
2582278,Y,BSS
2583366,Y,Forestry
2587683,Y,Natural Resources Lounge
2591689,Y,R3
2595843,Y,R2
2604264,Y,R4
2617792,Y,R8
2642051,Y,
2647615,Y,
2667434,Y,
2675248,Y,
2675829,Y,
2676573,Y,
2678513,Y,
2678796,Y,
2679264,Y,
2679316,Y,
2699906,Y,
2710073,Y,
2710498,Y,
2715780,Y,
2715940,Y,
2720355,Y,
2720479,Y,
2724557,Y,
2732425,Y,
2734059,Y,
2735420,Y,
2737624,Y,
2751937,Y,
2753769,Y,University Police Department
2759732,NULL,NULL
2766757,NULL,NULL
2773688,NULL,NULL
2805447,NULL,NULL
2810240,NULL,NULL
2815349,NULL,NULL
2817444,NULL,NULL
2820201,NULL,NULL
2825278,NULL,NULL
2830949,NULL,NULL
2837056,NULL,NULL
2848087,NULL,NULL
2848841,NULL,NULL
2850457,NULL,NULL
2857285,NULL,NULL
2861710,NULL,NULL
2862134,NULL,NULL
2865578,NULL,NULL
2868471,NULL,NULL
2871605,NULL,NULL
2882244,NULL,NULL
2886039,NULL,NULL
2904669,NULL,NULL
2909648,NULL,NULL
2917179,NULL,NULL
2925579,NULL,NULL
2933022,NULL,NULL
2942985,NULL,NULL
2967833,NULL,NULL
2972526,NULL,NULL
2984351,NULL,NULL
2986542,NULL,NULL
2990159,NULL,NULL
2992211,NULL,NULL
3005722,NULL,NULL
3011926,NULL,NULL
3033435,NULL,NULL
3039075,NULL,NULL
3040339,NULL,NULL
3051537,NULL,NULL
3055927,NULL,NULL
3111320,NULL,NULL
3112788,NULL,NULL
3121268,NULL,NULL
3133784,NULL,NULL
3140441,NULL,NULL
3140616,NULL,NULL
3142525,NULL,NULL
3145653,NULL,NULL
3161940,NULL,NULL
3170039,NULL,NULL
3172480,NULL,NULL
3173938,NULL,NULL
3174124,NULL,NULL
3175111,NULL,NULL
3177313,NULL,NULL
3189412,NULL,NULL
3189631,NULL,NULL
3195398,NULL,NULL
3199738,NULL,NULL
3214097,NULL,NULL
3216416,NULL,NULL
3223679,NULL,NULL
3229838,NULL,NULL
3236117,NULL,NULL
3269467,NULL,NULL
3271024,NULL,NULL
3282479,NULL,NULL
3286738,NULL,NULL
3294920,NULL,NULL
3309871,NULL,NULL
3312951,NULL,NULL
3318057,NULL,NULL
3342138,NULL,NULL
3363569,NULL,NULL
3368129,NULL,NULL
3380968,NULL,NULL
3392685,NULL,NULL
3417701,NULL,NULL
3423989,NULL,NULL
3426659,NULL,NULL
3429073,NULL,NULL
3433545,NULL,NULL
3437808,NULL,NULL
3444154,NULL,NULL
3446553,NULL,NULL
3458211,NULL,NULL
3459484,NULL,NULL
3487712,NULL,NULL
3489465,NULL,NULL
3494797,NULL,NULL
3496669,NULL,NULL
3499958,NULL,NULL
3516691,NULL,NULL
3529270,NULL,NULL
3541259,NULL,NULL
3541510,NULL,NULL
3543984,NULL,NULL
3551559,NULL,NULL
3552165,NULL,NULL
3554909,NULL,NULL
3556024,NULL,NULL
3562929,NULL,NULL
3568765,NULL,NULL
3570718,NULL,NULL
3582368,NULL,NULL
3582860,NULL,NULL
3584231,NULL,NULL
3588463,NULL,NULL
3596777,NULL,NULL
3597190,NULL,NULL
3604481,NULL,NULL
3606409,NULL,NULL
3622370,NULL,NULL
3638415,NULL,NULL
3647317,NULL,NULL
3650929,NULL,NULL
3664904,NULL,NULL
3679082,NULL,NULL
3680698,NULL,NULL
3686726,NULL,NULL
3687708,NULL,NULL
3693274,NULL,NULL
3696496,NULL,NULL
3705603,NULL,NULL
3712120,NULL,NULL
3726241,NULL,NULL
3729863,NULL,NULL
3733851,NULL,NULL
3733957,NULL,NULL
3749077,NULL,NULL
3749748,NULL,NULL
3752595,NULL,NULL
3752755,NULL,NULL
3765364,NULL,NULL
3769631,NULL,NULL
3770220,NULL,NULL
3777576,NULL,NULL
3779989,NULL,NULL
3788360,NULL,NULL
3797883,NULL,NULL
3803696,NULL,NULL
3812714,NULL,NULL
3820615,NULL,NULL
3822833,NULL,NULL
3825130,NULL,NULL
3830401,NULL,NULL
3832811,NULL,NULL
3835877,NULL,NULL
3843712,NULL,NULL
3844390,NULL,NULL
3852024,NULL,NULL
3859096,NULL,NULL
3866402,NULL,NULL
3871566,NULL,NULL
3871895,NULL,NULL
3873305,NULL,NULL
3875549,NULL,NULL
3882172,NULL,NULL
3884658,NULL,NULL
3897146,NULL,NULL
3898619,NULL,NULL
3912338,NULL,NULL
3918492,NULL,NULL
3921713,NULL,NULL
3923252,NULL,NULL
3928232,NULL,NULL
3956356,NULL,NULL
3958749,NULL,NULL
3963819,NULL,NULL
3976985,NULL,NULL
3981453,NULL,NULL
3984344,NULL,NULL
3989062,NULL,NULL
3991014,NULL,NULL
3997413,NULL,NULL
4000599,NULL,NULL
4003494,NULL,NULL
4007969,NULL,NULL
4017553,NULL,NULL
4026414,NULL,NULL
4035317,NULL,NULL
4037180,NULL,NULL
4059713,NULL,NULL
4068686,NULL,NULL
4070485,NULL,NULL
4072526,NULL,NULL
4076604,NULL,NULL
4085275,NULL,NULL
4088354,NULL,NULL
4091022,NULL,NULL
4096350,NULL,NULL
4096776,NULL,NULL
4100515,NULL,NULL
4106352,NULL,NULL
4129318,NULL,NULL
4137701,NULL,NULL
4147977,NULL,NULL
4159388,NULL,NULL
4162868,NULL,NULL
4163349,NULL,NULL
4178267,NULL,NULL
4189342,NULL,NULL
4190664,NULL,NULL
4191705,NULL,NULL
4192742,NULL,NULL
4212433,NULL,NULL
4214282,NULL,NULL
4218395,NULL,NULL
4219562,NULL,NULL
4221344,NULL,NULL
4230627,NULL,NULL
4230652,NULL,NULL
4234935,NULL,NULL
4235256,NULL,NULL
4258366,NULL,NULL
4266648,NULL,NULL
4270635,NULL,NULL
4288533,NULL,NULL
4288957,NULL,NULL
4294815,NULL,NULL
4297312,NULL,NULL
4318298,NULL,NULL
4333332,NULL,NULL
4333915,NULL,NULL
4335889,NULL,NULL
4336247,NULL,NULL
4338721,NULL,NULL
4343460,NULL,NULL
4355792,NULL,NULL
4357753,NULL,NULL
4361532,NULL,NULL
4367668,NULL,NULL
4379549,NULL,NULL
4383813,NULL,NULL
4386958,NULL,NULL
4388192,NULL,NULL
4392692,NULL,NULL
4407239,NULL,NULL
4413824,NULL,NULL
4422011,NULL,NULL
4422173,NULL,NULL
4440499,NULL,NULL
4444463,NULL,NULL
4449270,NULL,NULL
4450083,NULL,NULL
4450233,NULL,NULL
4455337,NULL,NULL
4456751,NULL,NULL
4465563,NULL,NULL
4466220,NULL,NULL
4480770,NULL,NULL
4482402,NULL,NULL
4484845,NULL,NULL
4490508,NULL,NULL
4501482,NULL,NULL
4503504,NULL,NULL
4508172,NULL,NULL
4508684,NULL,NULL
4516099,NULL,NULL
4524751,NULL,NULL
4527233,NULL,NULL
4529377,NULL,NULL
4541459,NULL,NULL
4549233,NULL,NULL
4568364,NULL,NULL
4581292,NULL,NULL
4581665,NULL,NULL
4582668,NULL,NULL
4593446,NULL,NULL
4614935,NULL,NULL
4646803,NULL,NULL
4657615,NULL,NULL
4677238,NULL,NULL
4685618,NULL,NULL
4690641,NULL,NULL
4715411,NULL,NULL
4716853,NULL,NULL
4722175,NULL,NULL
4731840,NULL,NULL
4734640,NULL,NULL
4738918,NULL,NULL
4742287,NULL,NULL
4747149,NULL,NULL
4761772,NULL,NULL
4774205,NULL,NULL
4779404,NULL,NULL
4781343,NULL,NULL
4787996,NULL,NULL
4795695,NULL,NULL
4796820,NULL,NULL
4796872,NULL,NULL
4797528,NULL,NULL
4799712,NULL,NULL
4806262,NULL,NULL
4811506,NULL,NULL
4812476,NULL,NULL
4834939,NULL,NULL
4838955,NULL,NULL
4848064,NULL,NULL
4851679,NULL,NULL
4879276,NULL,NULL
4879550,NULL,NULL
4900058,NULL,NULL
4904756,NULL,NULL
4912527,NULL,NULL
4918750,NULL,NULL
4919799,NULL,NULL
4922267,NULL,NULL
4924540,NULL,NULL
4928969,NULL,NULL
4929561,NULL,NULL
4933402,NULL,NULL
4936541,NULL,NULL
4952655,NULL,NULL
4956968,NULL,NULL
4957314,NULL,NULL
4966065,NULL,NULL
4979296,NULL,NULL
4984085,NULL,NULL
4990244,NULL,NULL
4994749,NULL,NULL
5004089,NULL,NULL
5017558,NULL,NULL
5026670,NULL,NULL
5043632,NULL,NULL
5044229,NULL,NULL
5051950,NULL,NULL
5060426,NULL,NULL
5063777,NULL,NULL
5069614,NULL,NULL
5074266,NULL,NULL
5080755,NULL,NULL
5088247,NULL,NULL
5097553,NULL,NULL
5098264,NULL,NULL
5108434,NULL,NULL
5119809,NULL,NULL
5130946,NULL,NULL
5132160,NULL,NULL
5136413,NULL,NULL
5150075,NULL,NULL
5160565,NULL,NULL
5163713,NULL,NULL
5167136,NULL,NULL
5172899,NULL,NULL
5173406,NULL,NULL
5176650,NULL,NULL
5189532,NULL,NULL
5189583,NULL,NULL
5190301,NULL,NULL
5203004,NULL,NULL
5206941,NULL,NULL
5207492,NULL,NULL
5208131,NULL,NULL
5209255,NULL,NULL
5213344,NULL,NULL
5214714,NULL,NULL
5218230,NULL,NULL
5221838,NULL,NULL
5222066,NULL,NULL
5225793,NULL,NULL
5229266,NULL,NULL
5231676,NULL,NULL
5232571,NULL,NULL
5233544,NULL,NULL
5233787,NULL,NULL
5234154,NULL,NULL
5238883,NULL,NULL
5241174,NULL,NULL
5243406,NULL,NULL
5247870,NULL,NULL
5256942,NULL,NULL
5263571,NULL,NULL
5265506,NULL,NULL
5278627,NULL,NULL
5285270,NULL,NULL
5290821,NULL,NULL
5300795,NULL,NULL
5307299,NULL,NULL
5317439,NULL,NULL
5323363,NULL,NULL
5334023,NULL,NULL
5334591,NULL,NULL
5340984,NULL,NULL
5341640,NULL,NULL
5342941,NULL,NULL
5349164,NULL,NULL
5350005,NULL,NULL
5356441,NULL,NULL
5362720,NULL,NULL
5374693,NULL,NULL
5386983,NULL,NULL
5395211,NULL,NULL
5395305,NULL,NULL
5395478,NULL,NULL
5412582,NULL,NULL
5418051,NULL,NULL
5421886,NULL,NULL
5431543,NULL,NULL
5431786,NULL,NULL
5437461,NULL,NULL
5441947,NULL,NULL
5447252,NULL,NULL
5449098,NULL,NULL
5459970,NULL,NULL
5462280,NULL,NULL
5464131,NULL,NULL
5465091,NULL,NULL
5470419,NULL,NULL
5480327,NULL,NULL
5491542,NULL,NULL
5498869,NULL,NULL
5509669,NULL,NULL
5511442,NULL,NULL
5513169,NULL,NULL
5523743,NULL,NULL
5535152,NULL,NULL
5537784,NULL,NULL
5541619,NULL,NULL
5544974,NULL,NULL
5548147,NULL,NULL
5550942,NULL,NULL
5551800,NULL,NULL
5561994,NULL,NULL
5567619,NULL,NULL
5568536,NULL,NULL
5579443,NULL,NULL
5583326,NULL,NULL
5591135,NULL,NULL
5592023,NULL,NULL
5598436,NULL,NULL
5606551,NULL,NULL
5617707,NULL,NULL
5622281,NULL,NULL
5626181,NULL,NULL
5634588,NULL,NULL
5637647,NULL,NULL
5639409,NULL,NULL
5642626,NULL,NULL
5652060,NULL,NULL
5652572,NULL,NULL
5652636,NULL,NULL
5659717,NULL,NULL
5661435,NULL,NULL
5666607,NULL,NULL
5670531,NULL,NULL
5673698,NULL,NULL
5674058,NULL,NULL
5684966,NULL,NULL
5688962,NULL,NULL
5707179,NULL,NULL
5708256,NULL,NULL
5712035,NULL,NULL
5722547,NULL,NULL
5729933,NULL,NULL
5733993,NULL,NULL
5740886,NULL,NULL
5747741,NULL,NULL
5749059,NULL,NULL
5769922,NULL,NULL
5770171,NULL,NULL
5772929,NULL,NULL
5784540,NULL,NULL
5786947,NULL,NULL
5788611,NULL,NULL
5789063,NULL,NULL
5794452,NULL,NULL
5809740,NULL,NULL
5823779,NULL,NULL
5828137,NULL,NULL
5834137,NULL,NULL
5834514,NULL,NULL
5842078,NULL,NULL
5842191,NULL,NULL
5845583,NULL,NULL
5850979,NULL,NULL
5864838,NULL,NULL
5875721,NULL,NULL
5886024,NULL,NULL
5897372,NULL,NULL
5903401,NULL,NULL
5907422,NULL,NULL
5910749,NULL,NULL
5913212,NULL,NULL
5916120,NULL,NULL
5916906,NULL,NULL
5922151,NULL,NULL
5923146,NULL,NULL
5924359,NULL,NULL
5938581,NULL,NULL
5942816,NULL,NULL
5959266,NULL,NULL
5969969,NULL,NULL
5971676,NULL,NULL
5975781,NULL,NULL
5988003,NULL,NULL
6003362,NULL,NULL
6019106,NULL,NULL
6020167,NULL,NULL
6021901,NULL,NULL
6032692,NULL,NULL
6047697,NULL,NULL
6050771,NULL,NULL
6054098,NULL,NULL
6056742,NULL,NULL
6064631,NULL,NULL
6067820,NULL,NULL
6068746,NULL,NULL
6069864,NULL,NULL
6077246,NULL,NULL
6079635,NULL,NULL
6093720,NULL,NULL
6108712,NULL,NULL
6111854,NULL,NULL
6123788,NULL,NULL
6141930,NULL,NULL
6144397,NULL,NULL
6146749,NULL,NULL
6149091,NULL,NULL
6151123,NULL,NULL
6154071,NULL,NULL
6160749,NULL,NULL
6167024,NULL,NULL
6173910,NULL,NULL
6176341,NULL,NULL
6188821,NULL,NULL
6198475,NULL,NULL
6214786,NULL,NULL
6219009,NULL,NULL
6219157,NULL,NULL
6227799,NULL,NULL
6227938,NULL,NULL
6235881,NULL,NULL
6236382,NULL,NULL
6236973,NULL,NULL
6247793,NULL,NULL
6251480,NULL,NULL
6253078,NULL,NULL
6253525,NULL,NULL
6254665,NULL,NULL
6259335,NULL,NULL
6259393,NULL,NULL
6261987,NULL,NULL
6268794,NULL,NULL
6272360,NULL,NULL
6272503,NULL,NULL
6281872,NULL,NULL
6293197,NULL,NULL
6303150,NULL,NULL
6303802,NULL,NULL
6307650,NULL,NULL
6313950,NULL,NULL
6333865,NULL,NULL
6339335,NULL,NULL
6341912,NULL,NULL
6345386,NULL,NULL
6377482,NULL,NULL
6379387,NULL,NULL
6382433,NULL,NULL
6386314,NULL,NULL
6389608,NULL,NULL
6390914,NULL,NULL
6401403,NULL,NULL
6401574,NULL,NULL
6405516,NULL,NULL
6413596,NULL,NULL
6414288,NULL,NULL
6422020,NULL,NULL
6431263,NULL,NULL
6450043,NULL,NULL
6451491,NULL,NULL
6463584,NULL,NULL
6468393,NULL,NULL
6474333,NULL,NULL
6479211,NULL,NULL
6479879,NULL,NULL
6483295,NULL,NULL
6494644,NULL,NULL
6495717,NULL,NULL
6511018,NULL,NULL
6517942,NULL,NULL
6530240,NULL,NULL
6532890,NULL,NULL
6533202,NULL,NULL
6533236,NULL,NULL
6550097,NULL,NULL
6550672,NULL,NULL
6560105,NULL,NULL
6563878,NULL,NULL
6567983,NULL,NULL
6574444,NULL,NULL
6580016,NULL,NULL
6589787,NULL,NULL
6591281,NULL,NULL
6598187,NULL,NULL
6604983,NULL,NULL
6606012,NULL,NULL
6608226,NULL,NULL
6618689,NULL,NULL
6621898,NULL,NULL
6631202,NULL,NULL
6635005,NULL,NULL
6637279,NULL,NULL
6638675,NULL,NULL
6639497,NULL,NULL
6647233,NULL,NULL
6659104,NULL,NULL
6681361,NULL,NULL
6693594,NULL,NULL
6696816,NULL,NULL
6697846,NULL,NULL
6721349,NULL,NULL
6726871,NULL,NULL
6730594,NULL,NULL
6749654,NULL,NULL
6755272,NULL,NULL
6756464,NULL,NULL
6756652,NULL,NULL
6757614,NULL,NULL
6758153,NULL,NULL
6758730,NULL,NULL
6771424,NULL,NULL
6789036,NULL,NULL
6793616,NULL,NULL
6799901,NULL,NULL
6815311,NULL,NULL
6821452,NULL,NULL
6823879,NULL,NULL
6828298,NULL,NULL
6830151,NULL,NULL
6832147,NULL,NULL
6839498,NULL,NULL
6840278,NULL,NULL
6841357,NULL,NULL
6843223,NULL,NULL
6852153,NULL,NULL
6861038,NULL,NULL
6868040,NULL,NULL
6876862,NULL,NULL
6876954,NULL,NULL
6890499,NULL,NULL
6895514,NULL,NULL
6897827,NULL,NULL
6899791,NULL,NULL
6904349,NULL,NULL
6909584,NULL,NULL
6910527,NULL,NULL
6921227,NULL,NULL
6923807,NULL,NULL
6930785,NULL,NULL
6937289,NULL,NULL
6938471,NULL,NULL
6957117,NULL,NULL
6957423,NULL,NULL
6977305,NULL,NULL
6983151,NULL,NULL
6994659,NULL,NULL
6994809,NULL,NULL
6997180,NULL,NULL
7007080,NULL,NULL
7009523,NULL,NULL
7017324,NULL,NULL
7019328,NULL,NULL
7035532,NULL,NULL
7039271,NULL,NULL
7047744,NULL,NULL
7053865,NULL,NULL
7054266,NULL,NULL
7059033,NULL,NULL
7066710,NULL,NULL
7070526,NULL,NULL
7072295,NULL,NULL
7077727,NULL,NULL
7077923,NULL,NULL
7081602,NULL,NULL
7082457,NULL,NULL
7093499,NULL,NULL
7093936,NULL,NULL
7094929,NULL,NULL
7098686,NULL,NULL
7099186,NULL,NULL
7103672,NULL,NULL
7107602,NULL,NULL
7110646,NULL,NULL
7131777,NULL,NULL
7136945,NULL,NULL
7137622,NULL,NULL
7155596,NULL,NULL
7158249,NULL,NULL
7162452,NULL,NULL
7170249,NULL,NULL
7179902,NULL,NULL
7184448,NULL,NULL
7199071,NULL,NULL
7209259,NULL,NULL
7239318,NULL,NULL
7241768,NULL,NULL
7251544,NULL,NULL
7255684,NULL,NULL
7256609,NULL,NULL
7284603,NULL,NULL
7286726,NULL,NULL
7300115,NULL,NULL
7302052,NULL,NULL
7314504,NULL,NULL
7317289,NULL,NULL
7351062,NULL,NULL
7364326,NULL,NULL
7372789,NULL,NULL
7375583,NULL,NULL
7384774,NULL,NULL
7385198,NULL,NULL
7387717,NULL,NULL
7406333,NULL,NULL
7416687,NULL,NULL
7420933,NULL,NULL
7425805,NULL,NULL
7440649,NULL,NULL
7441572,NULL,NULL
7441885,NULL,NULL
7445450,NULL,NULL
7446796,NULL,NULL
7450992,NULL,NULL
7453506,NULL,NULL
7462211,NULL,NULL
7466361,NULL,NULL
7476501,NULL,NULL
7476908,NULL,NULL
7498048,NULL,NULL
7505865,NULL,NULL
7509523,NULL,NULL
7510889,NULL,NULL
7516860,NULL,NULL
7542464,NULL,NULL
7546355,NULL,NULL
7560307,NULL,NULL
7567508,NULL,NULL
7571827,NULL,NULL
7580198,NULL,NULL
7580415,NULL,NULL
7585213,NULL,NULL
7592420,NULL,NULL
7601227,NULL,NULL
7619148,NULL,NULL
7631297,NULL,NULL
7638372,NULL,NULL
7650853,NULL,NULL
7657418,NULL,NULL
7672175,NULL,NULL
7683729,NULL,NULL
7688218,NULL,NULL
7693791,NULL,NULL
7695492,NULL,NULL
7731668,NULL,NULL
7736430,NULL,NULL
7747688,NULL,NULL
7756231,NULL,NULL
7785804,NULL,NULL
7794924,NULL,NULL
7802299,NULL,NULL
7802408,NULL,NULL
7804335,NULL,NULL
7820013,NULL,NULL
7830457,NULL,NULL
7831716,NULL,NULL
7842998,NULL,NULL
7847726,NULL,NULL
7850678,NULL,NULL
7854100,NULL,NULL
7856411,NULL,NULL
7859248,NULL,NULL
7862573,NULL,NULL
7878135,NULL,NULL
7886599,NULL,NULL
7894725,NULL,NULL
7895114,NULL,NULL
7899875,NULL,NULL
7900630,NULL,NULL
7909060,NULL,NULL
7927877,NULL,NULL
7946218,NULL,NULL
7965601,NULL,NULL
7966348,NULL,NULL
7966815,NULL,NULL
7969851,NULL,NULL
7971172,NULL,NULL
7974676,NULL,NULL
7977545,NULL,NULL
7988681,NULL,NULL
7993903,NULL,NULL
8006799,NULL,NULL
8018554,NULL,NULL
8019149,NULL,NULL
8037308,NULL,NULL
8048269,NULL,NULL
8051072,NULL,NULL
8052929,NULL,NULL
8053266,NULL,NULL
8060652,NULL,NULL
8064857,NULL,NULL
8066498,NULL,NULL
8068863,NULL,NULL
8074003,NULL,NULL
8084675,NULL,NULL
8088247,NULL,NULL
8094693,NULL,NULL
8100477,NULL,NULL
8107079,NULL,NULL
8109870,NULL,NULL
8117412,NULL,NULL
8121255,NULL,NULL
8123371,NULL,NULL
8123668,NULL,NULL
8126670,NULL,NULL
8129303,NULL,NULL
8130954,NULL,NULL
8142243,NULL,NULL
8142536,NULL,NULL
8144393,NULL,NULL
8153009,NULL,NULL
8166167,NULL,NULL
8176887,NULL,NULL
8190694,NULL,NULL
8204196,NULL,NULL
8208964,NULL,NULL
8211038,NULL,NULL
8213355,NULL,NULL
8219845,NULL,NULL
8219899,NULL,NULL
8225602,NULL,NULL
8233476,NULL,NULL
8240621,NULL,NULL
8245870,NULL,NULL
8249747,NULL,NULL
8253910,NULL,NULL
8285784,NULL,NULL
8287808,NULL,NULL
8294869,NULL,NULL
8305954,NULL,NULL
8320509,NULL,NULL
8322576,NULL,NULL
8325087,NULL,NULL
8327693,NULL,NULL
8335132,NULL,NULL
8337210,NULL,NULL
8347372,NULL,NULL
8372796,NULL,NULL
8373729,NULL,NULL
8376787,NULL,NULL
8382452,NULL,NULL
8385205,NULL,NULL
8386134,NULL,NULL
8389919,NULL,NULL
8392566,NULL,NULL
8396881,NULL,NULL
8405003,NULL,NULL
8408449,NULL,NULL
8411989,NULL,NULL
8413327,NULL,NULL
8415499,NULL,NULL
8424104,NULL,NULL
8426204,NULL,NULL
8429656,NULL,NULL
8437314,NULL,NULL
8455591,NULL,NULL
8469798,NULL,NULL
8471521,NULL,NULL
8478916,NULL,NULL
8493015,NULL,NULL
8514403,NULL,NULL
8533257,NULL,NULL
8534408,NULL,NULL
8534929,NULL,NULL
8536889,NULL,NULL
8541729,NULL,NULL
8544336,NULL,NULL
8547459,NULL,NULL
8556541,NULL,NULL
8558141,NULL,NULL
8567151,NULL,NULL
8569793,NULL,NULL
8570835,NULL,NULL
8574235,NULL,NULL
8610041,NULL,NULL
8620742,NULL,NULL
8629430,NULL,NULL
8630413,NULL,NULL
8641079,NULL,NULL
8641183,NULL,NULL
8647195,NULL,NULL
8652722,NULL,NULL
8652994,NULL,NULL
8654761,NULL,NULL
8660572,NULL,NULL
8662297,NULL,NULL
8665670,NULL,NULL
8667188,NULL,NULL
8675783,NULL,NULL
8679435,NULL,NULL
8692258,NULL,NULL
8695404,NULL,NULL
8696971,NULL,NULL
8728426,NULL,NULL
8728748,NULL,NULL
8729465,NULL,NULL
8732938,NULL,NULL
8735130,NULL,NULL
8736467,NULL,NULL
8740857,NULL,NULL
8742171,NULL,NULL
8754366,NULL,NULL
8757337,NULL,NULL
8759642,NULL,NULL
8763471,NULL,NULL
8764686,NULL,NULL
8783936,NULL,NULL
8786182,NULL,NULL
8788467,NULL,NULL
8789160,NULL,NULL
8792120,NULL,NULL
8792643,NULL,NULL
8794095,NULL,NULL
8807435,NULL,NULL
8833885,NULL,NULL
8834817,NULL,NULL
8837852,NULL,NULL
8846676,NULL,NULL
8858825,NULL,NULL
8865588,NULL,NULL
8878751,NULL,NULL
8885505,NULL,NULL
8891545,NULL,NULL
8891590,NULL,NULL
8895914,NULL,NULL
8901516,NULL,NULL
8911313,NULL,NULL
8915340,NULL,NULL
8940378,NULL,NULL
8952801,NULL,NULL
8956963,NULL,NULL
8958005,NULL,NULL
8959426,NULL,NULL
8964261,NULL,NULL
8968523,NULL,NULL
8971356,NULL,NULL
8974874,NULL,NULL
8982348,NULL,NULL
8988975,NULL,NULL
8990340,NULL,NULL
8997678,NULL,NULL
9000695,NULL,NULL
9001046,NULL,NULL
9006647,NULL,NULL
9021449,NULL,NULL
9041720,NULL,NULL
9045429,NULL,NULL
9049508,NULL,NULL
9067921,NULL,NULL
9074010,NULL,NULL
9074028,NULL,NULL
9074157,NULL,NULL
9082281,NULL,NULL
9087555,NULL,NULL
9104965,NULL,NULL
9110684,NULL,NULL
9117553,NULL,NULL
9120233,NULL,NULL
9124644,NULL,NULL
9125950,NULL,NULL
9157074,NULL,NULL
9181379,NULL,NULL
9191601,NULL,NULL
9202647,NULL,NULL
9204568,NULL,NULL
9206533,NULL,NULL
9207996,NULL,NULL
9208991,NULL,NULL
9209637,NULL,NULL
9212444,NULL,NULL
9225573,NULL,NULL
9244366,NULL,NULL
9265376,NULL,NULL
9272671,NULL,NULL
9282513,NULL,NULL
9283193,NULL,NULL
9296126,NULL,NULL
9301422,NULL,NULL
9311210,NULL,NULL
9313735,NULL,NULL
9318411,NULL,NULL
9327184,NULL,NULL
9329424,NULL,NULL
9331116,NULL,NULL
9333689,NULL,NULL
9347843,NULL,NULL
9352507,NULL,NULL
9358651,NULL,NULL
9365117,NULL,NULL
9369070,NULL,NULL
9372336,NULL,NULL
9391477,NULL,NULL
9395161,NULL,NULL
9400817,NULL,NULL
9409368,NULL,NULL
9413279,NULL,NULL
9429850,NULL,NULL
9429967,NULL,NULL
9433832,NULL,NULL
9438544,NULL,NULL
9439059,NULL,NULL
9440954,NULL,NULL
9447765,NULL,NULL
9448323,NULL,NULL
9448508,NULL,NULL
9456123,NULL,NULL
9459683,NULL,NULL
9469008,NULL,NULL
9472424,NULL,NULL
9480208,NULL,NULL
9481787,NULL,NULL
9483478,NULL,NULL
9485215,NULL,NULL
9487143,NULL,NULL
9493346,NULL,NULL
9495145,NULL,NULL
9495704,NULL,NULL
9500149,NULL,NULL
9501209,NULL,NULL
9509944,NULL,NULL
9527027,NULL,NULL
9527467,NULL,NULL
9527906,NULL,NULL
9532735,NULL,NULL
9535330,NULL,NULL
9557642,NULL,NULL
9559652,NULL,NULL
9561728,NULL,NULL
9566852,NULL,NULL
9571495,NULL,NULL
9573344,NULL,NULL
9575436,NULL,NULL
9577015,NULL,NULL
9577395,NULL,NULL
9598642,NULL,NULL
9601063,NULL,NULL
9611575,NULL,NULL
9620611,NULL,NULL
9625399,NULL,NULL
9629955,NULL,NULL
9647946,NULL,NULL
9678129,NULL,NULL
9688789,NULL,NULL
9696501,NULL,NULL
9708873,NULL,NULL
9711723,NULL,NULL
9712112,NULL,NULL
9739340,NULL,NULL
9741678,NULL,NULL
9747699,NULL,NULL
9756513,NULL,NULL
9758345,NULL,NULL
9766392,NULL,NULL
9771810,NULL,NULL
9775971,NULL,NULL
9777407,NULL,NULL
9814856,NULL,NULL
9819721,NULL,NULL
9822563,NULL,NULL
9828185,NULL,NULL
9829889,NULL,NULL
9839217,NULL,NULL
9844946,NULL,NULL
9849308,NULL,NULL
9852927,NULL,NULL
9856226,NULL,NULL
9869732,NULL,NULL
9870465,NULL,NULL
9879130,NULL,NULL
9885206,NULL,NULL
9890434,NULL,NULL
9897070,NULL,NULL
9899820,NULL,NULL
9905720,NULL,NULL
9931799,NULL,NULL
9932780,NULL,NULL
9934197,NULL,NULL
9936319,NULL,NULL
9936983,NULL,NULL
9947330,NULL,NULL
9949116,NULL,NULL
9956690,NULL,NULL
9974049,NULL,NULL
9974228,NULL,NULL
